"Character","Department","Role","Annual_Salary","Dogs_Rescued_With_3_Legs"
"Leslie Knope","Parks","Deputy Director",70000,0
"Ron Swanson","Parks","Director",90000,0
"Tom Haverford","Parks","Administrator",55000,0
"April Ludgate","Parks","Assistant",40000,1
"Andy Dwyer","Parks","Shoe Shiner / Musician",25000,1
"Ben Wyatt","City Management","City Manager",85000,0
"Ann Perkins","Health","Nurse",60000,0
"Chris Traeger","City Management","Auditor",95000,0
"Donna Meagle","Parks","Office Manager",52000,0
"Jerry Gergich","Parks","Office Worker",50000,0
