[{"review_id": "1", "user": "Alice", "rating": 5, "comment": "Excellent service!"},
{"review_id": "2", "user": "Bob", "rating": 4, "comment": "Very good, but could be improved."},
{"review_id": "3", "user": "Charlie", "rating": 3, "comment": "Average experience."},
{"review_id": "4", "user": "David", "rating": 5, "comment": "I Love it! love it! it Will definitely return."},
{"review_id": "5", "user": "Eva", "rating": 2, "comment": "Not satisfied. The food was cold. not good"},
{"review_id": "6", "user": "Frank", "rating": 4, "comment": "Good value for money. very good"},
{"review_id": "7", "user": "Grace", "rating": 5, "comment": "Fantastic! Highly recommend."},
{"review_id": "8", "user": "Henry", "rating": 3, "comment": "It was okay, but the service was slow."},
{"review_id": "9", "user": "Ivy", "rating": 4, "comment": "Great atmosphere and friendly staff."},
{"review_id": "10", "user": "Jack", "rating": 2, "comment": "Disappointed with the cleanliness of the place."},
{"review_id": "11", "user": "Kara", "rating": 5, "comment": "Amazing experience! The food was delicious."},
{"review_id": "12", "user": "Leo", "rating": 3, "comment": "The food was average. Nothing special."},
{"review_id": "13", "user": "Mia", "rating": 4, "comment": "Good food but a bit pricey."},
{"review_id": "14", "user": "Nate", "rating": 5, "comment": "Absolutely fantastic! Will come again."},
{"review_id": "15", "user": "Olivia", "rating": 2, "comment": "The wait time was too long and the food was cold."},
{"review_id": "16", "user": "Paul", "rating": 4, "comment": "Really enjoyed the meal. Great portions."},
{"review_id": "17", "user": "Quinn", "rating": 3, "comment": "It was average. Not great but not terrible either."},
{"review_id": "18", "user": "Rita", "rating": 5, "comment": "Exceptional service and great food."},
{"review_id": "19", "user": "Sam", "rating": 4, "comment": "Very good experience. I would recommend it."},
{"review_id": "20", "user": "Tina", "rating": 3, "comment": "Decent place, but there was a long wait."},
{"review_id": "21", "user": "Ursula", "rating": 5, "comment": "Fantastic food and great service!"},
{"review_id": "22", "user": "Victor", "rating": 4, "comment": "Good food, but the service was a bit slow."},
{"review_id": "23", "user": "Wendy", "rating": 3, "comment": "The food was okay. Not worth the price."},
{"review_id": "24", "user": "Xander", "rating": 5, "comment": "Wonderful experience. Highly recommended."},
{"review_id": "25", "user": "Yara", "rating": 4, "comment": "Great meal, though the place was quite crowded."},
{"review_id": "26", "user": "Zach", "rating": 3, "comment": "Average food. The service could be improved."},
{"review_id": "27", "user": "Amy", "rating": 5, "comment": "Loved every bit of it! Great food and service."},
{"review_id": "28", "user": "Ben", "rating": 4, "comment": "Good food and friendly staff. Will visit again."},
{"review_id": "29", "user": "Cleo", "rating": 2, "comment": "The food was disappointing and overpriced."},
{"review_id": "30", "user": "Derek", "rating": 5, "comment": "One of the best dining experiences I've had."}]