[{"review_id": "1", "user": "Alice", "rating": 5, "comment": "Excellent service!", "words": ["excellent", "service"], "word_count": {"excellent": 1, "service": 1}}, {"review_id": "2", "user": "Bob", "rating": 4, "comment": "Very good, but could be improved.", "words": ["very", "good", "but", "could", "be", "improved"], "word_count": {"very": 1, "good": 1, "but": 1, "could": 1, "be": 1, "improved": 1}}, {"review_id": "3", "user": "Charlie", "rating": 3, "comment": "Average experience.", "words": ["average", "experience"], "word_count": {"average": 1, "experience": 1}}, {"review_id": "4", "user": "David", "rating": 5, "comment": "I Love it! love it! it Will definitely return.", "words": ["i", "love", "it", "love", "it", "it", "will", "definitely", "return"], "word_count": {"i": 1, "love": 2, "it": 3, "will": 1, "definitely": 1, "return": 1}}, {"review_id": "5", "user": "Eva", "rating": 2, "comment": "Not satisfied. The food was cold. not good", "words": ["not", "satisfied", "the", "food", "was", "cold", "not", "good"], "word_count": {"not": 2, "satisfied": 1, "the": 1, "food": 1, "was": 1, "cold": 1, "good": 1}}, {"review_id": "6", "user": "Frank", "rating": 4, "comment": "Good value for money. very good", "words": ["good", "value", "for", "money", "very", "good"], "word_count": {"good": 2, "value": 1, "for": 1, "money": 1, "very": 1}}, {"review_id": "7", "user": "Grace", "rating": 5, "comment": "Fantastic! Highly recommend.", "words": ["fantastic", "highly", "recommend"], "word_count": {"fantastic": 1, "highly": 1, "recommend": 1}}, {"review_id": "8", "user": "Henry", "rating": 3, "comment": "It was okay, but the service was slow.", "words": ["it", "was", "okay", "but", "the", "service", "was", "slow"], "word_count": {"it": 1, "was": 2, "okay": 1, "but": 1, "the": 1, "service": 1, "slow": 1}}, {"review_id": "9", "user": "Ivy", "rating": 4, "comment": "Great atmosphere and friendly staff.", "words": ["great", "atmosphere", "and", "friendly", "staff"], "word_count": {"great": 1, "atmosphere": 1, "and": 1, "friendly": 1, "staff": 1}}, {"review_id": "10", "user": "Jack", "rating": 2, "comment": "Disappointed with the cleanliness of the place.", "words": ["disappointed", "with", "the", "cleanliness", "of", "the", "place"], "word_count": {"disappointed": 1, "with": 1, "the": 2, "cleanliness": 1, "of": 1, "place": 1}}, {"review_id": "11", "user": "Kara", "rating": 5, "comment": "Amazing experience! The food was delicious.", "words": ["amazing", "experience", "the", "food", "was", "delicious"], "word_count": {"amazing": 1, "experience": 1, "the": 1, "food": 1, "was": 1, "delicious": 1}}, {"review_id": "12", "user": "Leo", "rating": 3, "comment": "The food was average. Nothing special.", "words": ["the", "food", "was", "average", "nothing", "special"], "word_count": {"the": 1, "food": 1, "was": 1, "average": 1, "nothing": 1, "special": 1}}, {"review_id": "13", "user": "Mia", "rating": 4, "comment": "Good food but a bit pricey.", "words": ["good", "food", "but", "a", "bit", "pricey"], "word_count": {"good": 1, "food": 1, "but": 1, "a": 1, "bit": 1, "pricey": 1}}, {"review_id": "14", "user": "Nate", "rating": 5, "comment": "Absolutely fantastic! Will come again.", "words": ["absolutely", "fantastic", "will", "come", "again"], "word_count": {"absolutely": 1, "fantastic": 1, "will": 1, "come": 1, "again": 1}}, {"review_id": "15", "user": "Olivia", "rating": 2, "comment": "The wait time was too long and the food was cold.", "words": ["the", "wait", "time", "was", "too", "long", "and", "the", "food", "was", "cold"], "word_count": {"the": 2, "wait": 1, "time": 1, "was": 2, "too": 1, "long": 1, "and": 1, "food": 1, "cold": 1}}, {"review_id": "16", "user": "Paul", "rating": 4, "comment": "Really enjoyed the meal. Great portions.", "words": ["really", "enjoyed", "the", "meal", "great", "portions"], "word_count": {"really": 1, "enjoyed": 1, "the": 1, "meal": 1, "great": 1, "portions": 1}}, {"review_id": "17", "user": "Quinn", "rating": 3, "comment": "It was average. Not great but not terrible either.", "words": ["it", "was", "average", "not", "great", "but", "not", "terrible", "either"], "word_count": {"it": 1, "was": 1, "average": 1, "not": 2, "great": 1, "but": 1, "terrible": 1, "either": 1}}, {"review_id": "18", "user": "Rita", "rating": 5, "comment": "Exceptional service and great food.", "words": ["exceptional", "service", "and", "great", "food"], "word_count": {"exceptional": 1, "service": 1, "and": 1, "great": 1, "food": 1}}, {"review_id": "19", "user": "Sam", "rating": 4, "comment": "Very good experience. I would recommend it.", "words": ["very", "good", "experience", "i", "would", "recommend", "it"], "word_count": {"very": 1, "good": 1, "experience": 1, "i": 1, "would": 1, "recommend": 1, "it": 1}}, {"review_id": "20", "user": "Tina", "rating": 3, "comment": "Decent place, but there was a long wait.", "words": ["decent", "place", "but", "there", "was", "a", "long", "wait"], "word_count": {"decent": 1, "place": 1, "but": 1, "there": 1, "was": 1, "a": 1, "long": 1, "wait": 1}}, {"review_id": "21", "user": "Ursula", "rating": 5, "comment": "Fantastic food and great service!", "words": ["fantastic", "food", "and", "great", "service"], "word_count": {"fantastic": 1, "food": 1, "and": 1, "great": 1, "service": 1}}, {"review_id": "22", "user": "Victor", "rating": 4, "comment": "Good food, but the service was a bit slow.", "words": ["good", "food", "but", "the", "service", "was", "a", "bit", "slow"], "word_count": {"good": 1, "food": 1, "but": 1, "the": 1, "service": 1, "was": 1, "a": 1, "bit": 1, "slow": 1}}, {"review_id": "23", "user": "Wendy", "rating": 3, "comment": "The food was okay. Not worth the price.", "words": ["the", "food", "was", "okay", "not", "worth", "the", "price"], "word_count": {"the": 2, "food": 1, "was": 1, "okay": 1, "not": 1, "worth": 1, "price": 1}}, {"review_id": "24", "user": "Xander", "rating": 5, "comment": "Wonderful experience. Highly recommended.", "words": ["wonderful", "experience", "highly", "recommended"], "word_count": {"wonderful": 1, "experience": 1, "highly": 1, "recommended": 1}}, {"review_id": "25", "user": "Yara", "rating": 4, "comment": "Great meal, though the place was quite crowded.", "words": ["great", "meal", "though", "the", "place", "was", "quite", "crowded"], "word_count": {"great": 1, "meal": 1, "though": 1, "the": 1, "place": 1, "was": 1, "quite": 1, "crowded": 1}}, {"review_id": "26", "user": "Zach", "rating": 3, "comment": "Average food. The service could be improved.", "words": ["average", "food", "the", "service", "could", "be", "improved"], "word_count": {"average": 1, "food": 1, "the": 1, "service": 1, "could": 1, "be": 1, "improved": 1}}, {"review_id": "27", "user": "Amy", "rating": 5, "comment": "Loved every bit of it! Great food and service.", "words": ["loved", "every", "bit", "of", "it", "great", "food", "and", "service"], "word_count": {"loved": 1, "every": 1, "bit": 1, "of": 1, "it": 1, "great": 1, "food": 1, "and": 1, "service": 1}}, {"review_id": "28", "user": "Ben", "rating": 4, "comment": "Good food and friendly staff. Will visit again.", "words": ["good", "food", "and", "friendly", "staff", "will", "visit", "again"], "word_count": {"good": 1, "food": 1, "and": 1, "friendly": 1, "staff": 1, "will": 1, "visit": 1, "again": 1}}, {"review_id": "29", "user": "Cleo", "rating": 2, "comment": "The food was disappointing and overpriced.", "words": ["the", "food", "was", "disappointing", "and", "overpriced"], "word_count": {"the": 1, "food": 1, "was": 1, "disappointing": 1, "and": 1, "overpriced": 1}}, {"review_id": "30", "user": "Derek", "rating": 5, "comment": "One of the best dining experiences I've had.", "words": ["one", "of", "the", "best", "dining", "experiences", "ive", "had"], "word_count": {"one": 1, "of": 1, "the": 1, "best": 1, "dining": 1, "experiences": 1, "ive": 1, "had": 1}}]