<rss version="2.0" xmlns:media="http://search.yahoo.com/mrss/">
  <channel>
    <title>Sample News Channel</title>
    <link>http://example.com</link>
    <description>This is a sample RSS feed for news items.</description>
    <item>
      <title>News Item 1</title>
      <link>http://example.com/news1</link>
      <description>This is the first news item description.</description>
      <media:content url="http://example.com/media1.jpg" type="image/jpeg"/>
    </item>
    <item>
      <title>News Item 2</title>
      <link>http://example.com/news2</link>
      <description>This is the second news item description.</description>
      <media:content url="http://example.com/media2.jpg" type="image/jpeg"/>
    </item>
    <item>
      <title>News Item 3</title>
      <link>http://example.com/news3</link>
      <description>This is the third news item description.</description>
      <media:content url="http://example.com/media3.jpg" type="image/jpeg"/>
    </item>
  </channel>
</rss>