[
    {
        "Date": "2023-08-28",
        "Open": "30.770000",
        "High": "31.170000",
        "Low": "30.680000",
        "Close": "30.990000",
        "Adj Close": "30.452814",
        "Volume": "57700"
    },
    {
        "Date": "2023-08-29",
        "Open": "30.750000",
        "High": "31.740000",
        "Low": "30.559999",
        "Close": "31.570000",
        "Adj Close": "31.022760",
        "Volume": "69400"
    },
    {
        "Date": "2023-08-30",
        "Open": "31.420000",
        "High": "31.879999",
        "Low": "31.280001",
        "Close": "31.320000",
        "Adj Close": "30.777094",
        "Volume": "37700"
    },
    {
        "Date": "2023-08-31",
        "Open": "31.379999",
        "High": "31.570000",
        "Low": "30.770000",
        "Close": "30.820000",
        "Adj Close": "30.285763",
        "Volume": "53400"
    },
    {
        "Date": "2023-09-01",
        "Open": "30.980000",
        "High": "31.469999",
        "Low": "30.740000",
        "Close": "30.879999",
        "Adj Close": "30.344723",
        "Volume": "32000"
    },
    {
        "Date": "2023-09-05",
        "Open": "30.700001",
        "High": "30.700001",
        "Low": "29.850000",
        "Close": "29.900000",
        "Adj Close": "29.381708",
        "Volume": "46600"
    },
    {
        "Date": "2023-09-06",
        "Open": "29.900000",
        "High": "30.219999",
        "Low": "29.900000",
        "Close": "30.150000",
        "Adj Close": "29.627375",
        "Volume": "39700"
    },
    {
        "Date": "2023-09-07",
        "Open": "30.129999",
        "High": "30.129999",
        "Low": "29.670000",
        "Close": "30.020000",
        "Adj Close": "29.499632",
        "Volume": "67800"
    },
    {
        "Date": "2023-09-08",
        "Open": "30.020000",
        "High": "30.270000",
        "Low": "29.900000",
        "Close": "30.020000",
        "Adj Close": "29.499632",
        "Volume": "24700"
    },
    {
        "Date": "2023-09-11",
        "Open": "30.180000",
        "High": "30.410000",
        "Low": "29.950001",
        "Close": "30.400000",
        "Adj Close": "29.873041",
        "Volume": "48300"
    },
    {
        "Date": "2023-09-12",
        "Open": "30.410000",
        "High": "30.910000",
        "Low": "30.330000",
        "Close": "30.900000",
        "Adj Close": "30.364374",
        "Volume": "67400"
    },
    {
        "Date": "2023-09-13",
        "Open": "30.860001",
        "High": "31.389999",
        "Low": "30.799999",
        "Close": "31.309999",
        "Adj Close": "30.767267",
        "Volume": "50800"
    },
    {
        "Date": "2023-09-14",
        "Open": "31.360001",
        "High": "32.000000",
        "Low": "31.360001",
        "Close": "31.950001",
        "Adj Close": "31.396175",
        "Volume": "43500"
    },
    {
        "Date": "2023-09-15",
        "Open": "31.959999",
        "High": "32.090000",
        "Low": "31.500000",
        "Close": "31.570000",
        "Adj Close": "31.022760",
        "Volume": "151200"
    },
    {
        "Date": "2023-09-18",
        "Open": "31.620001",
        "High": "31.680000",
        "Low": "30.799999",
        "Close": "30.900000",
        "Adj Close": "30.364374",
        "Volume": "88200"
    },
    {
        "Date": "2023-09-19",
        "Open": "30.879999",
        "High": "31.440001",
        "Low": "30.809999",
        "Close": "31.090000",
        "Adj Close": "30.551083",
        "Volume": "102000"
    },
    {
        "Date": "2023-09-20",
        "Open": "31.139999",
        "High": "31.709999",
        "Low": "30.730000",
        "Close": "31.350000",
        "Adj Close": "30.806576",
        "Volume": "68200"
    },
    {
        "Date": "2023-09-21",
        "Open": "31.129999",
        "High": "31.420000",
        "Low": "30.750000",
        "Close": "30.850000",
        "Adj Close": "30.315243",
        "Volume": "115700"
    },
    {
        "Date": "2023-09-22",
        "Open": "30.830000",
        "High": "30.860001",
        "Low": "30.090000",
        "Close": "30.129999",
        "Adj Close": "29.607721",
        "Volume": "100700"
    },
    {
        "Date": "2023-09-25",
        "Open": "30.000000",
        "High": "30.350000",
        "Low": "29.440001",
        "Close": "29.540001",
        "Adj Close": "29.027950",
        "Volume": "100800"
    },
    {
        "Date": "2023-09-26",
        "Open": "29.490000",
        "High": "30.000000",
        "Low": "29.120001",
        "Close": "29.180000",
        "Adj Close": "28.674191",
        "Volume": "83100"
    },
    {
        "Date": "2023-09-27",
        "Open": "29.459999",
        "High": "29.889999",
        "Low": "28.700001",
        "Close": "29.190001",
        "Adj Close": "28.684017",
        "Volume": "94500"
    },
    {
        "Date": "2023-09-28",
        "Open": "28.969999",
        "High": "29.139999",
        "Low": "28.639999",
        "Close": "28.709999",
        "Adj Close": "28.212336",
        "Volume": "87300"
    },
    {
        "Date": "2023-09-29",
        "Open": "28.860001",
        "High": "28.860001",
        "Low": "28.160000",
        "Close": "28.250000",
        "Adj Close": "27.760311",
        "Volume": "102800"
    },
    {
        "Date": "2023-10-02",
        "Open": "28.120001",
        "High": "28.850000",
        "Low": "27.770000",
        "Close": "27.830000",
        "Adj Close": "27.347589",
        "Volume": "73100"
    },
    {
        "Date": "2023-10-03",
        "Open": "27.590000",
        "High": "27.590000",
        "Low": "23.799999",
        "Close": "23.940001",
        "Adj Close": "23.525021",
        "Volume": "386000"
    },
    {
        "Date": "2023-10-04",
        "Open": "24.469999",
        "High": "25.260000",
        "Low": "24.320000",
        "Close": "25.200001",
        "Adj Close": "24.763182",
        "Volume": "139500"
    },
    {
        "Date": "2023-10-05",
        "Open": "25.129999",
        "High": "25.440001",
        "Low": "24.629999",
        "Close": "24.740000",
        "Adj Close": "24.311153",
        "Volume": "119500"
    },
    {
        "Date": "2023-10-06",
        "Open": "24.700001",
        "High": "25.680000",
        "Low": "24.379999",
        "Close": "25.360001",
        "Adj Close": "24.920406",
        "Volume": "115500"
    },
    {
        "Date": "2023-10-09",
        "Open": "25.190001",
        "High": "25.620001",
        "Low": "25.190001",
        "Close": "25.410000",
        "Adj Close": "24.969540",
        "Volume": "66000"
    },
    {
        "Date": "2023-10-10",
        "Open": "25.610001",
        "High": "26.100000",
        "Low": "25.030001",
        "Close": "25.160000",
        "Adj Close": "24.723873",
        "Volume": "85900"
    },
    {
        "Date": "2023-10-11",
        "Open": "25.320000",
        "High": "26.020000",
        "Low": "24.959999",
        "Close": "25.830000",
        "Adj Close": "25.382261",
        "Volume": "106900"
    },
    {
        "Date": "2023-10-12",
        "Open": "25.770000",
        "High": "25.770000",
        "Low": "24.330000",
        "Close": "24.850000",
        "Adj Close": "24.419249",
        "Volume": "85200"
    },
    {
        "Date": "2023-10-13",
        "Open": "25.000000",
        "High": "25.040001",
        "Low": "24.170000",
        "Close": "24.370001",
        "Adj Close": "23.947569",
        "Volume": "118100"
    },
    {
        "Date": "2023-10-16",
        "Open": "24.629999",
        "High": "24.799999",
        "Low": "24.350000",
        "Close": "24.559999",
        "Adj Close": "24.134272",
        "Volume": "115100"
    },
    {
        "Date": "2023-10-17",
        "Open": "24.580000",
        "High": "25.129999",
        "Low": "24.500000",
        "Close": "24.680000",
        "Adj Close": "24.252193",
        "Volume": "92100"
    },
    {
        "Date": "2023-10-18",
        "Open": "24.480000",
        "High": "24.480000",
        "Low": "23.370001",
        "Close": "23.580000",
        "Adj Close": "23.171261",
        "Volume": "104400"
    },
    {
        "Date": "2023-10-19",
        "Open": "23.559999",
        "High": "23.700001",
        "Low": "22.900000",
        "Close": "23.010000",
        "Adj Close": "22.611143",
        "Volume": "140100"
    },
    {
        "Date": "2023-10-20",
        "Open": "23.070000",
        "High": "23.400000",
        "Low": "22.680000",
        "Close": "22.799999",
        "Adj Close": "22.404781",
        "Volume": "79200"
    },
    {
        "Date": "2023-10-23",
        "Open": "22.790001",
        "High": "22.930000",
        "Low": "22.230000",
        "Close": "22.290001",
        "Adj Close": "21.903622",
        "Volume": "80000"
    },
    {
        "Date": "2023-10-24",
        "Open": "22.520000",
        "High": "22.520000",
        "Low": "21.780001",
        "Close": "22.219999",
        "Adj Close": "21.834835",
        "Volume": "157100"
    },
    {
        "Date": "2023-10-25",
        "Open": "22.070000",
        "High": "22.209999",
        "Low": "21.700001",
        "Close": "21.850000",
        "Adj Close": "21.471249",
        "Volume": "87100"
    },
    {
        "Date": "2023-10-26",
        "Open": "22.000000",
        "High": "22.000000",
        "Low": "21.340000",
        "Close": "21.520000",
        "Adj Close": "21.146969",
        "Volume": "80700"
    },
    {
        "Date": "2023-10-27",
        "Open": "21.379999",
        "High": "21.469999",
        "Low": "21.000000",
        "Close": "21.180000",
        "Adj Close": "20.812864",
        "Volume": "238300"
    },
    {
        "Date": "2023-10-30",
        "Open": "21.480000",
        "High": "21.920000",
        "Low": "21.280001",
        "Close": "21.450001",
        "Adj Close": "21.078184",
        "Volume": "115800"
    },
    {
        "Date": "2023-10-31",
        "Open": "21.340000",
        "High": "21.709999",
        "Low": "21.250000",
        "Close": "21.600000",
        "Adj Close": "21.225582",
        "Volume": "100400"
    },
    {
        "Date": "2023-11-01",
        "Open": "21.459999",
        "High": "21.459999",
        "Low": "20.910000",
        "Close": "21.180000",
        "Adj Close": "20.812864",
        "Volume": "106600"
    },
    {
        "Date": "2023-11-02",
        "Open": "21.590000",
        "High": "22.959999",
        "Low": "21.590000",
        "Close": "22.930000",
        "Adj Close": "22.532530",
        "Volume": "126500"
    },
    {
        "Date": "2023-11-03",
        "Open": "23.170000",
        "High": "23.820000",
        "Low": "23.059999",
        "Close": "23.250000",
        "Adj Close": "22.960129",
        "Volume": "102200"
    },
    {
        "Date": "2023-11-06",
        "Open": "23.020000",
        "High": "23.020000",
        "Low": "22.410000",
        "Close": "22.969999",
        "Adj Close": "22.683620",
        "Volume": "67300"
    },
    {
        "Date": "2023-11-07",
        "Open": "22.959999",
        "High": "23.320000",
        "Low": "22.480000",
        "Close": "23.120001",
        "Adj Close": "22.831753",
        "Volume": "89600"
    },
    {
        "Date": "2023-11-08",
        "Open": "23.170000",
        "High": "23.270000",
        "Low": "22.469999",
        "Close": "22.830000",
        "Adj Close": "22.545366",
        "Volume": "178900"
    },
    {
        "Date": "2023-11-09",
        "Open": "20.660000",
        "High": "22.070000",
        "Low": "18.059999",
        "Close": "21.170000",
        "Adj Close": "20.906063",
        "Volume": "514700"
    },
    {
        "Date": "2023-11-10",
        "Open": "21.280001",
        "High": "21.280001",
        "Low": "20.280001",
        "Close": "20.969999",
        "Adj Close": "20.708555",
        "Volume": "235200"
    },
    {
        "Date": "2023-11-13",
        "Open": "20.910000",
        "High": "21.520000",
        "Low": "20.110001",
        "Close": "20.150000",
        "Adj Close": "19.898779",
        "Volume": "221100"
    },
    {
        "Date": "2023-11-14",
        "Open": "20.850000",
        "High": "22.270000",
        "Low": "20.610001",
        "Close": "22.000000",
        "Adj Close": "21.725716",
        "Volume": "310300"
    },
    {
        "Date": "2023-11-15",
        "Open": "22.139999",
        "High": "22.629999",
        "Low": "21.379999",
        "Close": "21.709999",
        "Adj Close": "21.439329",
        "Volume": "169600"
    },
    {
        "Date": "2023-11-16",
        "Open": "21.610001",
        "High": "21.870001",
        "Low": "21.100000",
        "Close": "21.400000",
        "Adj Close": "21.133194",
        "Volume": "170400"
    },
    {
        "Date": "2023-11-17",
        "Open": "21.620001",
        "High": "22.639999",
        "Low": "21.200001",
        "Close": "22.580000",
        "Adj Close": "22.298483",
        "Volume": "172200"
    },
    {
        "Date": "2023-11-20",
        "Open": "22.700001",
        "High": "22.740000",
        "Low": "21.790001",
        "Close": "22.030001",
        "Adj Close": "21.755342",
        "Volume": "166300"
    },
    {
        "Date": "2023-11-21",
        "Open": "21.809999",
        "High": "22.340000",
        "Low": "21.629999",
        "Close": "22.110001",
        "Adj Close": "21.834345",
        "Volume": "80800"
    },
    {
        "Date": "2023-11-22",
        "Open": "22.200001",
        "High": "22.660000",
        "Low": "22.000000",
        "Close": "22.420000",
        "Adj Close": "22.140478",
        "Volume": "74100"
    },
    {
        "Date": "2023-11-24",
        "Open": "22.530001",
        "High": "22.850000",
        "Low": "22.320000",
        "Close": "22.709999",
        "Adj Close": "22.426861",
        "Volume": "45500"
    },
    {
        "Date": "2023-11-27",
        "Open": "22.420000",
        "High": "22.740000",
        "Low": "22.250000",
        "Close": "22.379999",
        "Adj Close": "22.100977",
        "Volume": "99900"
    },
    {
        "Date": "2023-11-28",
        "Open": "22.600000",
        "High": "22.770000",
        "Low": "22.100000",
        "Close": "22.570000",
        "Adj Close": "22.288609",
        "Volume": "67100"
    },
    {
        "Date": "2023-11-29",
        "Open": "22.799999",
        "High": "23.030001",
        "Low": "22.129999",
        "Close": "22.309999",
        "Adj Close": "22.031847",
        "Volume": "97800"
    },
    {
        "Date": "2023-11-30",
        "Open": "22.360001",
        "High": "22.860001",
        "Low": "22.049999",
        "Close": "22.590000",
        "Adj Close": "22.308359",
        "Volume": "113400"
    },
    {
        "Date": "2023-12-01",
        "Open": "22.500000",
        "High": "23.270000",
        "Low": "22.450001",
        "Close": "23.150000",
        "Adj Close": "22.861376",
        "Volume": "101900"
    },
    {
        "Date": "2023-12-04",
        "Open": "23.150000",
        "High": "23.660000",
        "Low": "23.150000",
        "Close": "23.510000",
        "Adj Close": "23.216888",
        "Volume": "85400"
    },
    {
        "Date": "2023-12-05",
        "Open": "23.309999",
        "High": "23.520000",
        "Low": "22.889999",
        "Close": "23.430000",
        "Adj Close": "23.137888",
        "Volume": "138800"
    },
    {
        "Date": "2023-12-06",
        "Open": "23.770000",
        "High": "24.100000",
        "Low": "23.530001",
        "Close": "23.570000",
        "Adj Close": "23.276140",
        "Volume": "83600"
    },
    {
        "Date": "2023-12-07",
        "Open": "23.570000",
        "High": "24.580000",
        "Low": "23.320000",
        "Close": "24.559999",
        "Adj Close": "24.253798",
        "Volume": "134500"
    },
    {
        "Date": "2023-12-08",
        "Open": "24.500000",
        "High": "25.309999",
        "Low": "24.500000",
        "Close": "24.910000",
        "Adj Close": "24.599434",
        "Volume": "83900"
    },
    {
        "Date": "2023-12-11",
        "Open": "24.660000",
        "High": "25.010000",
        "Low": "24.340000",
        "Close": "24.700001",
        "Adj Close": "24.392052",
        "Volume": "98400"
    },
    {
        "Date": "2023-12-12",
        "Open": "24.530001",
        "High": "24.629999",
        "Low": "24.230000",
        "Close": "24.350000",
        "Adj Close": "24.046417",
        "Volume": "62300"
    },
    {
        "Date": "2023-12-13",
        "Open": "24.209999",
        "High": "25.170000",
        "Low": "23.799999",
        "Close": "25.049999",
        "Adj Close": "24.737688",
        "Volume": "168300"
    },
    {
        "Date": "2023-12-14",
        "Open": "25.770000",
        "High": "26.389999",
        "Low": "25.150000",
        "Close": "25.459999",
        "Adj Close": "25.142576",
        "Volume": "122900"
    },
    {
        "Date": "2023-12-15",
        "Open": "25.719999",
        "High": "25.719999",
        "Low": "24.830000",
        "Close": "25.120001",
        "Adj Close": "24.806816",
        "Volume": "196600"
    },
    {
        "Date": "2023-12-18",
        "Open": "24.950001",
        "High": "25.299999",
        "Low": "24.500000",
        "Close": "25.120001",
        "Adj Close": "24.806816",
        "Volume": "92800"
    },
    {
        "Date": "2023-12-19",
        "Open": "25.250000",
        "High": "25.540001",
        "Low": "24.990000",
        "Close": "25.360001",
        "Adj Close": "25.043825",
        "Volume": "138200"
    },
    {
        "Date": "2023-12-20",
        "Open": "25.469999",
        "High": "25.719999",
        "Low": "24.639999",
        "Close": "24.639999",
        "Adj Close": "24.332800",
        "Volume": "227500"
    },
    {
        "Date": "2023-12-21",
        "Open": "24.770000",
        "High": "25.129999",
        "Low": "24.570000",
        "Close": "25.120001",
        "Adj Close": "24.806816",
        "Volume": "142800"
    },
    {
        "Date": "2023-12-22",
        "Open": "25.139999",
        "High": "25.490000",
        "Low": "24.879999",
        "Close": "25.219999",
        "Adj Close": "24.905569",
        "Volume": "114500"
    },
    {
        "Date": "2023-12-26",
        "Open": "25.110001",
        "High": "25.400000",
        "Low": "24.990000",
        "Close": "25.350000",
        "Adj Close": "25.033949",
        "Volume": "77000"
    },
    {
        "Date": "2023-12-27",
        "Open": "25.379999",
        "High": "25.450001",
        "Low": "25.170000",
        "Close": "25.309999",
        "Adj Close": "24.994446",
        "Volume": "99600"
    },
    {
        "Date": "2023-12-28",
        "Open": "25.020000",
        "High": "25.469999",
        "Low": "25.010000",
        "Close": "25.290001",
        "Adj Close": "24.974695",
        "Volume": "72900"
    },
    {
        "Date": "2023-12-29",
        "Open": "25.129999",
        "High": "25.510000",
        "Low": "24.850000",
        "Close": "25.010000",
        "Adj Close": "24.698189",
        "Volume": "70000"
    },
    {
        "Date": "2024-01-02",
        "Open": "25.170000",
        "High": "25.440001",
        "Low": "25.010000",
        "Close": "25.110001",
        "Adj Close": "24.796942",
        "Volume": "59900"
    },
    {
        "Date": "2024-01-03",
        "Open": "25.010000",
        "High": "25.010000",
        "Low": "24.240000",
        "Close": "24.370001",
        "Adj Close": "24.066168",
        "Volume": "110000"
    },
    {
        "Date": "2024-01-04",
        "Open": "24.480000",
        "High": "24.559999",
        "Low": "24.160000",
        "Close": "24.370001",
        "Adj Close": "24.066168",
        "Volume": "70800"
    },
    {
        "Date": "2024-01-05",
        "Open": "24.139999",
        "High": "25.160000",
        "Low": "24.020000",
        "Close": "24.700001",
        "Adj Close": "24.392052",
        "Volume": "194500"
    },
    {
        "Date": "2024-01-08",
        "Open": "24.840000",
        "High": "25.219999",
        "Low": "24.440001",
        "Close": "24.700001",
        "Adj Close": "24.392052",
        "Volume": "131100"
    },
    {
        "Date": "2024-01-09",
        "Open": "24.370001",
        "High": "24.540001",
        "Low": "24.209999",
        "Close": "24.490000",
        "Adj Close": "24.184669",
        "Volume": "65800"
    },
    {
        "Date": "2024-01-10",
        "Open": "24.280001",
        "High": "24.570000",
        "Low": "24.170000",
        "Close": "24.280001",
        "Adj Close": "23.977287",
        "Volume": "72800"
    },
    {
        "Date": "2024-01-11",
        "Open": "24.110001",
        "High": "24.260000",
        "Low": "23.459999",
        "Close": "23.730000",
        "Adj Close": "23.434145",
        "Volume": "115700"
    },
    {
        "Date": "2024-01-12",
        "Open": "24.100000",
        "High": "24.150000",
        "Low": "23.719999",
        "Close": "23.900000",
        "Adj Close": "23.602026",
        "Volume": "75600"
    },
    {
        "Date": "2024-01-16",
        "Open": "23.840000",
        "High": "24.020000",
        "Low": "23.450001",
        "Close": "23.559999",
        "Adj Close": "23.266266",
        "Volume": "69900"
    },
    {
        "Date": "2024-01-17",
        "Open": "23.150000",
        "High": "23.459999",
        "Low": "23.049999",
        "Close": "23.250000",
        "Adj Close": "22.960129",
        "Volume": "68800"
    },
    {
        "Date": "2024-01-18",
        "Open": "23.379999",
        "High": "23.440001",
        "Low": "22.910000",
        "Close": "23.200001",
        "Adj Close": "22.910753",
        "Volume": "78400"
    },
    {
        "Date": "2024-01-19",
        "Open": "23.330000",
        "High": "23.450001",
        "Low": "22.840000",
        "Close": "23.410000",
        "Adj Close": "23.118135",
        "Volume": "112500"
    },
    {
        "Date": "2024-01-22",
        "Open": "23.549999",
        "High": "24.590000",
        "Low": "23.500000",
        "Close": "24.559999",
        "Adj Close": "24.253798",
        "Volume": "87900"
    },
    {
        "Date": "2024-01-23",
        "Open": "24.870001",
        "High": "25.000000",
        "Low": "24.170000",
        "Close": "24.700001",
        "Adj Close": "24.392052",
        "Volume": "96800"
    },
    {
        "Date": "2024-01-24",
        "Open": "24.770000",
        "High": "24.910000",
        "Low": "24.090000",
        "Close": "24.219999",
        "Adj Close": "23.918037",
        "Volume": "65600"
    },
    {
        "Date": "2024-01-25",
        "Open": "24.690001",
        "High": "25.250000",
        "Low": "24.520000",
        "Close": "25.170000",
        "Adj Close": "24.856192",
        "Volume": "99400"
    },
    {
        "Date": "2024-01-26",
        "Open": "25.330000",
        "High": "25.639999",
        "Low": "25.110001",
        "Close": "25.309999",
        "Adj Close": "24.994446",
        "Volume": "156400"
    },
    {
        "Date": "2024-01-29",
        "Open": "25.299999",
        "High": "25.480000",
        "Low": "24.799999",
        "Close": "25.379999",
        "Adj Close": "25.063574",
        "Volume": "124800"
    },
    {
        "Date": "2024-01-30",
        "Open": "25.170000",
        "High": "25.480000",
        "Low": "24.990000",
        "Close": "25.219999",
        "Adj Close": "24.905569",
        "Volume": "60500"
    },
    {
        "Date": "2024-01-31",
        "Open": "25.170000",
        "High": "25.459999",
        "Low": "24.480000",
        "Close": "24.709999",
        "Adj Close": "24.401926",
        "Volume": "101900"
    },
    {
        "Date": "2024-02-01",
        "Open": "24.740000",
        "High": "25.340000",
        "Low": "24.510000",
        "Close": "25.219999",
        "Adj Close": "24.905569",
        "Volume": "73700"
    },
    {
        "Date": "2024-02-02",
        "Open": "24.719999",
        "High": "24.910000",
        "Low": "24.500000",
        "Close": "24.799999",
        "Adj Close": "24.601032",
        "Volume": "72200"
    },
    {
        "Date": "2024-02-05",
        "Open": "24.660000",
        "High": "24.660000",
        "Low": "24.070000",
        "Close": "24.090000",
        "Adj Close": "23.896729",
        "Volume": "62600"
    },
    {
        "Date": "2024-02-06",
        "Open": "23.980000",
        "High": "24.280001",
        "Low": "23.730000",
        "Close": "23.820000",
        "Adj Close": "23.628895",
        "Volume": "98200"
    },
    {
        "Date": "2024-02-07",
        "Open": "23.840000",
        "High": "23.840000",
        "Low": "23.000000",
        "Close": "23.120001",
        "Adj Close": "22.934511",
        "Volume": "59300"
    },
    {
        "Date": "2024-02-08",
        "Open": "23.120001",
        "High": "23.660000",
        "Low": "22.959999",
        "Close": "23.530001",
        "Adj Close": "23.341223",
        "Volume": "81200"
    },
    {
        "Date": "2024-02-09",
        "Open": "23.620001",
        "High": "24.580000",
        "Low": "23.620001",
        "Close": "24.350000",
        "Adj Close": "24.154644",
        "Volume": "85000"
    },
    {
        "Date": "2024-02-12",
        "Open": "24.549999",
        "High": "25.500000",
        "Low": "24.549999",
        "Close": "25.299999",
        "Adj Close": "25.097019",
        "Volume": "73400"
    },
    {
        "Date": "2024-02-13",
        "Open": "24.430000",
        "High": "24.730000",
        "Low": "24.280001",
        "Close": "24.320000",
        "Adj Close": "24.124884",
        "Volume": "104300"
    },
    {
        "Date": "2024-02-14",
        "Open": "24.840000",
        "High": "25.049999",
        "Low": "24.530001",
        "Close": "24.860001",
        "Adj Close": "24.660551",
        "Volume": "67100"
    },
    {
        "Date": "2024-02-15",
        "Open": "25.080000",
        "High": "25.590000",
        "Low": "24.830000",
        "Close": "25.400000",
        "Adj Close": "25.196218",
        "Volume": "93800"
    },
    {
        "Date": "2024-02-16",
        "Open": "25.100000",
        "High": "25.690001",
        "Low": "25.030001",
        "Close": "25.660000",
        "Adj Close": "25.454134",
        "Volume": "68900"
    },
    {
        "Date": "2024-02-20",
        "Open": "25.190001",
        "High": "25.629999",
        "Low": "24.840000",
        "Close": "25.180000",
        "Adj Close": "24.977985",
        "Volume": "72100"
    },
    {
        "Date": "2024-02-21",
        "Open": "25.150000",
        "High": "25.420000",
        "Low": "24.820000",
        "Close": "25.080000",
        "Adj Close": "24.878786",
        "Volume": "75800"
    },
    {
        "Date": "2024-02-22",
        "Open": "25.650000",
        "High": "27.469999",
        "Low": "24.900000",
        "Close": "25.580000",
        "Adj Close": "25.374775",
        "Volume": "184000"
    },
    {
        "Date": "2024-02-23",
        "Open": "25.570000",
        "High": "26.809999",
        "Low": "25.570000",
        "Close": "26.400000",
        "Adj Close": "26.188196",
        "Volume": "167600"
    },
    {
        "Date": "2024-02-26",
        "Open": "26.320000",
        "High": "26.450001",
        "Low": "25.070000",
        "Close": "25.260000",
        "Adj Close": "25.057341",
        "Volume": "119000"
    },
    {
        "Date": "2024-02-27",
        "Open": "25.420000",
        "High": "25.709999",
        "Low": "25.049999",
        "Close": "25.080000",
        "Adj Close": "24.878786",
        "Volume": "82100"
    },
    {
        "Date": "2024-02-28",
        "Open": "25.000000",
        "High": "25.360001",
        "Low": "24.620001",
        "Close": "24.639999",
        "Adj Close": "24.442316",
        "Volume": "92200"
    },
    {
        "Date": "2024-02-29",
        "Open": "25.070000",
        "High": "25.230000",
        "Low": "24.750000",
        "Close": "24.820000",
        "Adj Close": "24.620872",
        "Volume": "80400"
    },
    {
        "Date": "2024-03-01",
        "Open": "24.750000",
        "High": "24.770000",
        "Low": "24.100000",
        "Close": "24.410000",
        "Adj Close": "24.214163",
        "Volume": "102500"
    },
    {
        "Date": "2024-03-04",
        "Open": "24.549999",
        "High": "25.200001",
        "Low": "24.490000",
        "Close": "24.809999",
        "Adj Close": "24.610952",
        "Volume": "70400"
    },
    {
        "Date": "2024-03-05",
        "Open": "24.549999",
        "High": "24.830000",
        "Low": "24.290001",
        "Close": "24.500000",
        "Adj Close": "24.303440",
        "Volume": "72700"
    },
    {
        "Date": "2024-03-06",
        "Open": "24.600000",
        "High": "25.440001",
        "Low": "24.600000",
        "Close": "25.290001",
        "Adj Close": "25.087101",
        "Volume": "80000"
    },
    {
        "Date": "2024-03-07",
        "Open": "25.410000",
        "High": "25.700001",
        "Low": "25.120001",
        "Close": "25.660000",
        "Adj Close": "25.454134",
        "Volume": "104500"
    },
    {
        "Date": "2024-03-08",
        "Open": "25.799999",
        "High": "26.350000",
        "Low": "25.580000",
        "Close": "25.900000",
        "Adj Close": "25.692207",
        "Volume": "108000"
    },
    {
        "Date": "2024-03-11",
        "Open": "25.670000",
        "High": "26.110001",
        "Low": "25.580000",
        "Close": "25.980000",
        "Adj Close": "25.771566",
        "Volume": "56400"
    },
    {
        "Date": "2024-03-12",
        "Open": "26.559999",
        "High": "26.559999",
        "Low": "26.010000",
        "Close": "26.350000",
        "Adj Close": "26.138597",
        "Volume": "93000"
    },
    {
        "Date": "2024-03-13",
        "Open": "26.059999",
        "High": "26.500000",
        "Low": "25.870001",
        "Close": "26.139999",
        "Adj Close": "25.930281",
        "Volume": "101500"
    },
    {
        "Date": "2024-03-14",
        "Open": "25.900000",
        "High": "26.190001",
        "Low": "24.860001",
        "Close": "25.370001",
        "Adj Close": "25.166460",
        "Volume": "89600"
    },
    {
        "Date": "2024-03-15",
        "Open": "25.129999",
        "High": "25.830000",
        "Low": "25.129999",
        "Close": "25.580000",
        "Adj Close": "25.374775",
        "Volume": "185500"
    },
    {
        "Date": "2024-03-18",
        "Open": "25.520000",
        "High": "25.570000",
        "Low": "25.150000",
        "Close": "25.450001",
        "Adj Close": "25.245819",
        "Volume": "67700"
    },
    {
        "Date": "2024-03-19",
        "Open": "25.450001",
        "High": "26.010000",
        "Low": "25.450001",
        "Close": "25.980000",
        "Adj Close": "25.771566",
        "Volume": "72900"
    },
    {
        "Date": "2024-03-20",
        "Open": "25.980000",
        "High": "26.590000",
        "Low": "25.780001",
        "Close": "26.580000",
        "Adj Close": "26.366753",
        "Volume": "163600"
    },
    {
        "Date": "2024-03-21",
        "Open": "26.900000",
        "High": "27.059999",
        "Low": "26.709999",
        "Close": "26.799999",
        "Adj Close": "26.584986",
        "Volume": "130800"
    },
    {
        "Date": "2024-03-22",
        "Open": "26.620001",
        "High": "26.620001",
        "Low": "26.139999",
        "Close": "26.350000",
        "Adj Close": "26.138597",
        "Volume": "100800"
    },
    {
        "Date": "2024-03-25",
        "Open": "26.330000",
        "High": "26.690001",
        "Low": "26.320000",
        "Close": "26.590000",
        "Adj Close": "26.376673",
        "Volume": "92800"
    },
    {
        "Date": "2024-03-26",
        "Open": "26.889999",
        "High": "27.110001",
        "Low": "26.490000",
        "Close": "26.559999",
        "Adj Close": "26.346912",
        "Volume": "94700"
    },
    {
        "Date": "2024-03-27",
        "Open": "26.559999",
        "High": "27.260000",
        "Low": "26.559999",
        "Close": "27.010000",
        "Adj Close": "26.793303",
        "Volume": "98300"
    },
    {
        "Date": "2024-03-28",
        "Open": "27.020000",
        "High": "27.290001",
        "Low": "26.879999",
        "Close": "27.040001",
        "Adj Close": "26.823063",
        "Volume": "77200"
    },
    {
        "Date": "2024-04-01",
        "Open": "27.040001",
        "High": "27.040001",
        "Low": "26.360001",
        "Close": "26.520000",
        "Adj Close": "26.307234",
        "Volume": "95000"
    },
    {
        "Date": "2024-04-02",
        "Open": "26.250000",
        "High": "26.459999",
        "Low": "25.549999",
        "Close": "25.580000",
        "Adj Close": "25.374775",
        "Volume": "80300"
    },
    {
        "Date": "2024-04-03",
        "Open": "25.440001",
        "High": "25.900000",
        "Low": "25.420000",
        "Close": "25.760000",
        "Adj Close": "25.553331",
        "Volume": "59000"
    },
    {
        "Date": "2024-04-04",
        "Open": "25.980000",
        "High": "26.049999",
        "Low": "24.920000",
        "Close": "24.990000",
        "Adj Close": "24.789509",
        "Volume": "92800"
    },
    {
        "Date": "2024-04-05",
        "Open": "24.850000",
        "High": "25.150000",
        "Low": "24.660000",
        "Close": "24.990000",
        "Adj Close": "24.789509",
        "Volume": "64500"
    },
    {
        "Date": "2024-04-08",
        "Open": "25.200001",
        "High": "25.660000",
        "Low": "25.040001",
        "Close": "25.500000",
        "Adj Close": "25.295416",
        "Volume": "70500"
    },
    {
        "Date": "2024-04-09",
        "Open": "25.500000",
        "High": "25.570000",
        "Low": "25.110001",
        "Close": "25.260000",
        "Adj Close": "25.057341",
        "Volume": "62900"
    },
    {
        "Date": "2024-04-10",
        "Open": "24.680000",
        "High": "24.730000",
        "Low": "23.900000",
        "Close": "24.190001",
        "Adj Close": "23.995928",
        "Volume": "96600"
    },
    {
        "Date": "2024-04-11",
        "Open": "24.400000",
        "High": "24.709999",
        "Low": "24.250000",
        "Close": "24.690001",
        "Adj Close": "24.491915",
        "Volume": "80900"
    },
    {
        "Date": "2024-04-12",
        "Open": "24.510000",
        "High": "24.660000",
        "Low": "24.190001",
        "Close": "24.240000",
        "Adj Close": "24.045527",
        "Volume": "49100"
    },
    {
        "Date": "2024-04-15",
        "Open": "24.440001",
        "High": "24.900000",
        "Low": "23.980000",
        "Close": "24.070000",
        "Adj Close": "23.876888",
        "Volume": "73700"
    },
    {
        "Date": "2024-04-16",
        "Open": "23.969999",
        "High": "23.969999",
        "Low": "23.629999",
        "Close": "23.740000",
        "Adj Close": "23.549538",
        "Volume": "61400"
    },
    {
        "Date": "2024-04-17",
        "Open": "23.850000",
        "High": "23.990000",
        "Low": "23.309999",
        "Close": "23.320000",
        "Adj Close": "23.132906",
        "Volume": "65300"
    },
    {
        "Date": "2024-04-18",
        "Open": "23.350000",
        "High": "23.690001",
        "Low": "23.200001",
        "Close": "23.570000",
        "Adj Close": "23.380901",
        "Volume": "87300"
    },
    {
        "Date": "2024-04-19",
        "Open": "23.490000",
        "High": "24.290001",
        "Low": "23.490000",
        "Close": "24.000000",
        "Adj Close": "23.807451",
        "Volume": "89900"
    },
    {
        "Date": "2024-04-22",
        "Open": "24.280001",
        "High": "25.040001",
        "Low": "24.070000",
        "Close": "24.930000",
        "Adj Close": "24.729990",
        "Volume": "118000"
    },
    {
        "Date": "2024-04-23",
        "Open": "24.750000",
        "High": "25.490000",
        "Low": "24.750000",
        "Close": "25.180000",
        "Adj Close": "24.977985",
        "Volume": "87600"
    },
    {
        "Date": "2024-04-24",
        "Open": "25.059999",
        "High": "25.620001",
        "Low": "24.900000",
        "Close": "25.420000",
        "Adj Close": "25.216059",
        "Volume": "116300"
    },
    {
        "Date": "2024-04-25",
        "Open": "24.900000",
        "High": "24.940001",
        "Low": "24.549999",
        "Close": "24.709999",
        "Adj Close": "24.511753",
        "Volume": "60000"
    },
    {
        "Date": "2024-04-26",
        "Open": "24.700001",
        "High": "25.059999",
        "Low": "24.629999",
        "Close": "24.920000",
        "Adj Close": "24.720070",
        "Volume": "155400"
    },
    {
        "Date": "2024-04-29",
        "Open": "25.049999",
        "High": "26.160000",
        "Low": "25.049999",
        "Close": "26.100000",
        "Adj Close": "25.890602",
        "Volume": "84100"
    },
    {
        "Date": "2024-04-30",
        "Open": "25.820000",
        "High": "26.120001",
        "Low": "25.500000",
        "Close": "25.580000",
        "Adj Close": "25.374775",
        "Volume": "135800"
    },
    {
        "Date": "2024-05-01",
        "Open": "25.660000",
        "High": "26.000000",
        "Low": "25.420000",
        "Close": "25.809999",
        "Adj Close": "25.602930",
        "Volume": "59000"
    },
    {
        "Date": "2024-05-02",
        "Open": "27.000000",
        "High": "28.180000",
        "Low": "25.170000",
        "Close": "25.650000",
        "Adj Close": "25.444214",
        "Volume": "245300"
    },
    {
        "Date": "2024-05-03",
        "Open": "26.129999",
        "High": "26.559999",
        "Low": "25.490000",
        "Close": "26.000000",
        "Adj Close": "25.905531",
        "Volume": "127900"
    },
    {
        "Date": "2024-05-06",
        "Open": "26.309999",
        "High": "26.309999",
        "Low": "25.540001",
        "Close": "25.740000",
        "Adj Close": "25.646475",
        "Volume": "92700"
    },
    {
        "Date": "2024-05-07",
        "Open": "25.799999",
        "High": "26.120001",
        "Low": "25.480000",
        "Close": "25.559999",
        "Adj Close": "25.467129",
        "Volume": "99600"
    },
    {
        "Date": "2024-05-08",
        "Open": "25.440001",
        "High": "25.889999",
        "Low": "25.440001",
        "Close": "25.549999",
        "Adj Close": "25.457165",
        "Volume": "417900"
    },
    {
        "Date": "2024-05-09",
        "Open": "25.730000",
        "High": "26.410000",
        "Low": "25.530001",
        "Close": "26.309999",
        "Adj Close": "26.214403",
        "Volume": "100300"
    },
    {
        "Date": "2024-05-10",
        "Open": "26.299999",
        "High": "26.299999",
        "Low": "25.780001",
        "Close": "26.020000",
        "Adj Close": "25.925459",
        "Volume": "166500"
    },
    {
        "Date": "2024-05-13",
        "Open": "26.200001",
        "High": "26.719999",
        "Low": "26.129999",
        "Close": "26.540001",
        "Adj Close": "26.443569",
        "Volume": "167200"
    },
    {
        "Date": "2024-05-14",
        "Open": "26.910000",
        "High": "27.240000",
        "Low": "26.290001",
        "Close": "26.540001",
        "Adj Close": "26.443569",
        "Volume": "100800"
    },
    {
        "Date": "2024-05-15",
        "Open": "26.799999",
        "High": "26.799999",
        "Low": "26.190001",
        "Close": "26.440001",
        "Adj Close": "26.343933",
        "Volume": "154600"
    },
    {
        "Date": "2024-05-16",
        "Open": "26.559999",
        "High": "26.700001",
        "Low": "26.250000",
        "Close": "26.690001",
        "Adj Close": "26.593023",
        "Volume": "97800"
    },
    {
        "Date": "2024-05-17",
        "Open": "26.799999",
        "High": "27.500000",
        "Low": "26.639999",
        "Close": "27.070000",
        "Adj Close": "26.971642",
        "Volume": "138400"
    },
    {
        "Date": "2024-05-20",
        "Open": "27.059999",
        "High": "27.190001",
        "Low": "26.549999",
        "Close": "26.559999",
        "Adj Close": "26.463495",
        "Volume": "54400"
    },
    {
        "Date": "2024-05-21",
        "Open": "26.530001",
        "High": "26.620001",
        "Low": "26.230000",
        "Close": "26.559999",
        "Adj Close": "26.463495",
        "Volume": "64300"
    },
    {
        "Date": "2024-05-22",
        "Open": "26.230000",
        "High": "26.590000",
        "Low": "26.139999",
        "Close": "26.400000",
        "Adj Close": "26.304077",
        "Volume": "75300"
    },
    {
        "Date": "2024-05-23",
        "Open": "26.400000",
        "High": "26.639999",
        "Low": "26.260000",
        "Close": "26.480000",
        "Adj Close": "26.383785",
        "Volume": "88100"
    },
    {
        "Date": "2024-05-24",
        "Open": "26.530001",
        "High": "26.809999",
        "Low": "26.370001",
        "Close": "26.719999",
        "Adj Close": "26.622913",
        "Volume": "95700"
    },
    {
        "Date": "2024-05-28",
        "Open": "26.889999",
        "High": "27.190001",
        "Low": "26.590000",
        "Close": "26.629999",
        "Adj Close": "26.533241",
        "Volume": "68300"
    },
    {
        "Date": "2024-05-29",
        "Open": "26.320000",
        "High": "26.700001",
        "Low": "26.209999",
        "Close": "26.209999",
        "Adj Close": "26.114767",
        "Volume": "138200"
    },
    {
        "Date": "2024-05-30",
        "Open": "26.260000",
        "High": "26.750000",
        "Low": "26.219999",
        "Close": "26.620001",
        "Adj Close": "26.523279",
        "Volume": "79500"
    },
    {
        "Date": "2024-05-31",
        "Open": "26.680000",
        "High": "27.309999",
        "Low": "26.549999",
        "Close": "26.889999",
        "Adj Close": "26.792295",
        "Volume": "567100"
    },
    {
        "Date": "2024-06-03",
        "Open": "27.219999",
        "High": "27.219999",
        "Low": "26.360001",
        "Close": "26.440001",
        "Adj Close": "26.343933",
        "Volume": "144500"
    },
    {
        "Date": "2024-06-04",
        "Open": "27.240000",
        "High": "28.430000",
        "Low": "27.000000",
        "Close": "27.940001",
        "Adj Close": "27.838482",
        "Volume": "338400"
    },
    {
        "Date": "2024-06-05",
        "Open": "28.020000",
        "High": "28.799999",
        "Low": "27.790001",
        "Close": "28.629999",
        "Adj Close": "28.525974",
        "Volume": "274600"
    },
    {
        "Date": "2024-06-06",
        "Open": "28.379999",
        "High": "29.080000",
        "Low": "28.379999",
        "Close": "28.809999",
        "Adj Close": "28.705320",
        "Volume": "101200"
    },
    {
        "Date": "2024-06-07",
        "Open": "28.440001",
        "High": "28.740000",
        "Low": "28.330000",
        "Close": "28.340000",
        "Adj Close": "28.237028",
        "Volume": "102900"
    },
    {
        "Date": "2024-06-10",
        "Open": "28.010000",
        "High": "28.490000",
        "Low": "27.770000",
        "Close": "28.400000",
        "Adj Close": "28.296810",
        "Volume": "123500"
    },
    {
        "Date": "2024-06-11",
        "Open": "28.200001",
        "High": "28.250000",
        "Low": "27.850000",
        "Close": "27.910000",
        "Adj Close": "27.808590",
        "Volume": "80800"
    },
    {
        "Date": "2024-06-12",
        "Open": "28.940001",
        "High": "29.549999",
        "Low": "28.700001",
        "Close": "29.000000",
        "Adj Close": "28.894630",
        "Volume": "232400"
    },
    {
        "Date": "2024-06-13",
        "Open": "28.920000",
        "High": "29.520000",
        "Low": "28.430000",
        "Close": "29.129999",
        "Adj Close": "29.024157",
        "Volume": "166600"
    },
    {
        "Date": "2024-06-14",
        "Open": "28.600000",
        "High": "29.100000",
        "Low": "28.010000",
        "Close": "28.120001",
        "Adj Close": "28.017828",
        "Volume": "102900"
    },
    {
        "Date": "2024-06-17",
        "Open": "27.879999",
        "High": "28.190001",
        "Low": "27.520000",
        "Close": "27.540001",
        "Adj Close": "27.439936",
        "Volume": "77800"
    },
    {
        "Date": "2024-06-18",
        "Open": "27.660000",
        "High": "27.730000",
        "Low": "27.170000",
        "Close": "27.330000",
        "Adj Close": "27.230698",
        "Volume": "77600"
    },
    {
        "Date": "2024-06-20",
        "Open": "27.280001",
        "High": "27.459999",
        "Low": "26.850000",
        "Close": "26.920000",
        "Adj Close": "26.822187",
        "Volume": "57600"
    },
    {
        "Date": "2024-06-21",
        "Open": "26.940001",
        "High": "27.879999",
        "Low": "26.930000",
        "Close": "27.280001",
        "Adj Close": "27.180880",
        "Volume": "178800"
    },
    {
        "Date": "2024-06-24",
        "Open": "27.360001",
        "High": "27.969999",
        "Low": "27.200001",
        "Close": "27.370001",
        "Adj Close": "27.270554",
        "Volume": "90100"
    },
    {
        "Date": "2024-06-25",
        "Open": "27.370001",
        "High": "27.370001",
        "Low": "26.889999",
        "Close": "27.080000",
        "Adj Close": "26.981606",
        "Volume": "81500"
    },
    {
        "Date": "2024-06-26",
        "Open": "26.900000",
        "High": "27.510000",
        "Low": "26.799999",
        "Close": "26.900000",
        "Adj Close": "26.802259",
        "Volume": "135900"
    },
    {
        "Date": "2024-06-27",
        "Open": "27.090000",
        "High": "27.090000",
        "Low": "26.450001",
        "Close": "26.930000",
        "Adj Close": "26.832151",
        "Volume": "152100"
    },
    {
        "Date": "2024-06-28",
        "Open": "27.170000",
        "High": "27.389999",
        "Low": "26.459999",
        "Close": "26.840000",
        "Adj Close": "26.742479",
        "Volume": "351300"
    },
    {
        "Date": "2024-07-01",
        "Open": "27.040001",
        "High": "27.040001",
        "Low": "26.309999",
        "Close": "26.510000",
        "Adj Close": "26.413677",
        "Volume": "67600"
    },
    {
        "Date": "2024-07-02",
        "Open": "26.590000",
        "High": "27.400000",
        "Low": "26.510000",
        "Close": "27.389999",
        "Adj Close": "27.290480",
        "Volume": "147700"
    },
    {
        "Date": "2024-07-03",
        "Open": "27.709999",
        "High": "27.709999",
        "Low": "26.870001",
        "Close": "27.180000",
        "Adj Close": "27.081244",
        "Volume": "60200"
    },
    {
        "Date": "2024-07-05",
        "Open": "27.100000",
        "High": "27.219999",
        "Low": "26.059999",
        "Close": "26.180000",
        "Adj Close": "26.084877",
        "Volume": "92600"
    },
    {
        "Date": "2024-07-08",
        "Open": "26.370001",
        "High": "26.680000",
        "Low": "26.190001",
        "Close": "26.309999",
        "Adj Close": "26.214403",
        "Volume": "68100"
    },
    {
        "Date": "2024-07-09",
        "Open": "26.180000",
        "High": "26.400000",
        "Low": "25.879999",
        "Close": "26.020000",
        "Adj Close": "25.925459",
        "Volume": "49700"
    },
    {
        "Date": "2024-07-10",
        "Open": "26.160000",
        "High": "26.280001",
        "Low": "25.840000",
        "Close": "26.280001",
        "Adj Close": "26.184513",
        "Volume": "34200"
    },
    {
        "Date": "2024-07-11",
        "Open": "26.860001",
        "High": "27.660000",
        "Low": "26.730000",
        "Close": "27.450001",
        "Adj Close": "27.350264",
        "Volume": "114100"
    },
    {
        "Date": "2024-07-12",
        "Open": "27.840000",
        "High": "28.139999",
        "Low": "27.559999",
        "Close": "27.660000",
        "Adj Close": "27.559500",
        "Volume": "118600"
    },
    {
        "Date": "2024-07-15",
        "Open": "27.870001",
        "High": "28.309999",
        "Low": "27.760000",
        "Close": "28.200001",
        "Adj Close": "28.097538",
        "Volume": "102800"
    },
    {
        "Date": "2024-07-16",
        "Open": "28.580000",
        "High": "29.150000",
        "Low": "28.330000",
        "Close": "28.820000",
        "Adj Close": "28.715284",
        "Volume": "123900"
    },
    {
        "Date": "2024-07-17",
        "Open": "28.790001",
        "High": "29.209999",
        "Low": "28.500000",
        "Close": "29.070000",
        "Adj Close": "28.964376",
        "Volume": "123100"
    },
    {
        "Date": "2024-07-18",
        "Open": "28.889999",
        "High": "29.950001",
        "Low": "28.889999",
        "Close": "29.340000",
        "Adj Close": "29.233395",
        "Volume": "102300"
    },
    {
        "Date": "2024-07-19",
        "Open": "29.340000",
        "High": "30.090000",
        "Low": "29.340000",
        "Close": "30.020000",
        "Adj Close": "29.910925",
        "Volume": "185000"
    },
    {
        "Date": "2024-07-22",
        "Open": "30.010000",
        "High": "30.600000",
        "Low": "29.650000",
        "Close": "30.389999",
        "Adj Close": "30.279579",
        "Volume": "137300"
    },
    {
        "Date": "2024-07-23",
        "Open": "30.340000",
        "High": "30.889999",
        "Low": "30.160000",
        "Close": "30.549999",
        "Adj Close": "30.438997",
        "Volume": "84900"
    },
    {
        "Date": "2024-07-24",
        "Open": "30.520000",
        "High": "31.139999",
        "Low": "30.280001",
        "Close": "30.379999",
        "Adj Close": "30.269615",
        "Volume": "64700"
    },
    {
        "Date": "2024-07-25",
        "Open": "30.400000",
        "High": "31.219999",
        "Low": "30.400000",
        "Close": "30.920000",
        "Adj Close": "30.807653",
        "Volume": "113300"
    },
    {
        "Date": "2024-07-26",
        "Open": "31.450001",
        "High": "31.680000",
        "Low": "31.150000",
        "Close": "31.590000",
        "Adj Close": "31.475220",
        "Volume": "108000"
    },
    {
        "Date": "2024-07-29",
        "Open": "31.730000",
        "High": "32.180000",
        "Low": "31.260000",
        "Close": "31.780001",
        "Adj Close": "31.664530",
        "Volume": "85200"
    },
    {
        "Date": "2024-07-30",
        "Open": "31.980000",
        "High": "32.450001",
        "Low": "31.540001",
        "Close": "31.980000",
        "Adj Close": "31.863802",
        "Volume": "324100"
    },
    {
        "Date": "2024-07-31",
        "Open": "31.730000",
        "High": "32.560001",
        "Low": "31.530001",
        "Close": "32.060001",
        "Adj Close": "31.943514",
        "Volume": "134100"
    },
    {
        "Date": "2024-08-01",
        "Open": "34.049999",
        "High": "35.000000",
        "Low": "31.910000",
        "Close": "32.389999",
        "Adj Close": "32.272312",
        "Volume": "271100"
    },
    {
        "Date": "2024-08-02",
        "Open": "32.389999",
        "High": "32.389999",
        "Low": "30.770000",
        "Close": "31.100000",
        "Adj Close": "30.987000",
        "Volume": "160100"
    },
    {
        "Date": "2024-08-05",
        "Open": "30.010000",
        "High": "30.010000",
        "Low": "28.850000",
        "Close": "29.139999",
        "Adj Close": "29.139999",
        "Volume": "153800"
    },
    {
        "Date": "2024-08-06",
        "Open": "29.139999",
        "High": "29.750000",
        "Low": "29.000000",
        "Close": "29.400000",
        "Adj Close": "29.400000",
        "Volume": "110800"
    },
    {
        "Date": "2024-08-07",
        "Open": "29.770000",
        "High": "29.790001",
        "Low": "28.790001",
        "Close": "28.889999",
        "Adj Close": "28.889999",
        "Volume": "81300"
    },
    {
        "Date": "2024-08-08",
        "Open": "29.799999",
        "High": "30.070000",
        "Low": "29.209999",
        "Close": "30.000000",
        "Adj Close": "30.000000",
        "Volume": "79000"
    },
    {
        "Date": "2024-08-09",
        "Open": "29.879999",
        "High": "30.049999",
        "Low": "29.530001",
        "Close": "30.010000",
        "Adj Close": "30.010000",
        "Volume": "203100"
    },
    {
        "Date": "2024-08-12",
        "Open": "30.100000",
        "High": "30.190001",
        "Low": "29.750000",
        "Close": "29.990000",
        "Adj Close": "29.990000",
        "Volume": "93400"
    },
    {
        "Date": "2024-08-13",
        "Open": "30.170000",
        "High": "30.500000",
        "Low": "29.559999",
        "Close": "30.340000",
        "Adj Close": "30.340000",
        "Volume": "154400"
    },
    {
        "Date": "2024-08-14",
        "Open": "30.260000",
        "High": "30.320000",
        "Low": "29.879999",
        "Close": "30.200001",
        "Adj Close": "30.200001",
        "Volume": "95700"
    },
    {
        "Date": "2024-08-15",
        "Open": "30.799999",
        "High": "31.260000",
        "Low": "30.500000",
        "Close": "31.139999",
        "Adj Close": "31.139999",
        "Volume": "105000"
    },
    {
        "Date": "2024-08-16",
        "Open": "31.250000",
        "High": "31.750000",
        "Low": "31.250000",
        "Close": "31.430000",
        "Adj Close": "31.430000",
        "Volume": "132300"
    },
    {
        "Date": "2024-08-19",
        "Open": "31.260000",
        "High": "31.480000",
        "Low": "31.020000",
        "Close": "31.299999",
        "Adj Close": "31.299999",
        "Volume": "80500"
    },
    {
        "Date": "2024-08-20",
        "Open": "31.240000",
        "High": "31.340000",
        "Low": "31.040001",
        "Close": "31.330000",
        "Adj Close": "31.330000",
        "Volume": "73600"
    },
    {
        "Date": "2024-08-21",
        "Open": "31.520000",
        "High": "31.530001",
        "Low": "31.129999",
        "Close": "31.440001",
        "Adj Close": "31.440001",
        "Volume": "52000"
    },
    {
        "Date": "2024-08-22",
        "Open": "31.459999",
        "High": "31.639999",
        "Low": "31.270000",
        "Close": "31.350000",
        "Adj Close": "31.350000",
        "Volume": "76200"
    },
    {
        "Date": "2024-08-23",
        "Open": "31.530001",
        "High": "32.360001",
        "Low": "31.469999",
        "Close": "32.299999",
        "Adj Close": "32.299999",
        "Volume": "87900"
    },
    {
        "Date": "2024-08-26",
        "Open": "32.650002",
        "High": "32.880001",
        "Low": "32.230000",
        "Close": "32.520000",
        "Adj Close": "32.520000",
        "Volume": "129400"
    },
    {
        "Date": "2024-08-27",
        "Open": "32.389999",
        "High": "32.848701",
        "Low": "32.334999",
        "Close": "32.660000",
        "Adj Close": "32.660000",
        "Volume": "69692"
    }
]